"CONTENT","CREATED","ID","UPDATED"
"Post 4435","13/01/2021 05:15:57","1","13/01/2021 05:15:57"
"Post 342","13/01/2021 05:15:57","2","13/01/2021 05:15:57"
"Post 609","13/01/2021 05:15:57","3","13/01/2021 05:15:57"
"Post 129","13/01/2021 05:15:57","4","13/01/2021 05:15:57"
"Post 738","13/01/2021 05:19:54","5","13/01/2021 05:19:54"
"Post 345","13/01/2021 05:19:54","6","13/01/2021 05:19:54"
"Post 423","13/01/2021 05:19:54","7","13/01/2021 05:19:54"
"Post 14","13/01/2021 05:19:54","8","13/01/2021 05:19:54"
"Post 738","13/01/2021 05:19:54","9","13/01/2021 05:19:54"
"Post 345","13/01/2021 05:19:54","10","13/01/2021 05:19:54"
"Post 423","13/01/2021 05:19:54","11","13/01/2021 05:19:54"
"Post 14","13/01/2021 05:19:54","12","13/01/2021 05:19:54"
